EMPLOYEE_ID,FIRST_NAME,LAST_NAME,EMAIL,PHONE_NUMBER
198,Donald,OConnell,DOCONNEL,6505079833
199,Douglas,Grant,DGRANT,6505079844
200,Jennifer,Whalen,JWHALEN,5151234444
201,Michael,Hartstein,MHARTSTE,5151235555
202,Pat,Fay,PFAY,6031236666
203,Susan,Mavris,SMAVRIS,5151237777
204,Hermann,Baer,HBAER,5151238888
205,Shelley,Higgins,SHIGGINS,5151238080
206,William,Gietz,WGIETZ,5151238181
101,Neena,Kochhar,NKOCHHAR,5151234568
102,Lex,De Haan,LDEHAAN,5151234569
103,Alexander,Hunold,AHUNOLD,5904234567
104,Bruce,Ernst,BERNST,5904234568
105,David,Austin,DAUSTIN,5904234569
106,Valli,Pataballa,VPATABAL,5904234560
107,Diana,Lorentz,DLORENTZ,5904235567
108,Nancy,Greenberg,NGREENBE,5151244569
109,Daniel,Faviet,DFAVIET,5151244169
110,John,Chen,JCHEN,5151244269
111,Ismael,Sciarra,ISCIARRA,5151244369
112,Jose Manuel,Urman,JMURMAN,5151244469
113,Luis,Popp,LPOPP,5151244567
114,Den,Raphaely,DRAPHEAL,5151274561
115,Alexander,Khoo,AKHOO,5151274562
116,Shelli,Baida,SBAIDA,5151274563
117,Sigal,Tobias,STOBIAS,5151274564
118,Guy,Himuro,GHIMURO,5151274565
119,Karen,Colmenares,KCOLMENA,5151274566
120,Matthew,Weiss,MWEISS,6501231234
121,Adam,Fripp,AFRIPP,6501232234
122,Payam,Kaufling,PKAUFLIN,6501233234
123,Shanta,Vollman,SVOLLMAN,6501234234
124,Kevin,Mourgos,KMOURGOS,6501235234
125,Julia,Nayer,JNAYER,6501241214
126,Irene,Mikkilineni,IMIKKILI,6501241224
127,James,Landry,JLANDRY,6501241334
128,Steven,Markle,SMARKLE,6501241434
129,Laura,Bissot,LBISSOT,6501245234
130,Mozhe,Atkinson,MATKINSO,6501246234
131,James,Marlow,JAMRLOW,6501247234
132,TJ,Olson,TJOLSON,6501248234
133,Jason,Mallin,JMALLIN,6501271934
134,Michael,Rogers,MROGERS,6501271834
135,Ki,Gee,KGEE,6501271734
136,Hazel,Philtanker,HPHILTAN,6501271634
137,Renske,Ladwig,RLADWIG,6501211234
138,Stephen,Stiles,SSTILES,6501212034
139,John,Seo,JSEO,6501212019
140,Joshua,Patel,JPATEL,6501211834